"","rf_predictions"
"1","0"
"3","0"
"10","0"
"30","0"
"34","0"
"40","0"
"41","0"
"42","0"
"44","0"
"49","0"
"60","0"
"61","0"
"66","0"
"67","0"
"72","0"
"73","0"
"75","0"
"78","0"
"82","0"
"87","0"
"89","0"
"92","0"
"95","0"
"104","0"
"105","0"
"106","0"
"110","0"
"115","0"
"117","0"
"119","0"
"121","0"
"122","0"
"133","0"
"141","0"
"152","0"
"154","0"
"163","0"
"167","0"
"175","0"
"185","0"
"187","0"
"190","0"
"195","0"
"197","0"
"199","0"
"200","0"
"205","0"
"207","0"
"208","0"
"213","0"
"214","0"
"224","0"
"232","0"
"239","0"
"242","0"
"245","0"
"250","0"
"251","0"
"257","0"
"260","0"
"264","0"
"272","0"
"275","0"
"283","0"
"290","0"
"291","0"
"297","0"
"299","0"
"300","0"
"304","0"
"308","0"
"311","0"
"315","0"
"322","0"
"324","0"
"331","0"
"338","0"
"349","0"
"354","0"
"361","0"
"368","0"
"383","0"
"388","0"
"389","0"
"405","0"
"410","0"
"414","0"
"417","0"
"424","0"
"429","0"
"432","0"
"443","0"
"444","0"
"446","0"
"447","0"
"449","0"
"459","0"
"460","0"
"472","0"
"483","0"
"492","0"
"506","0"
"513","0"
"522","0"
"529","0"
"532","0"
"534","0"
"535","0"
"547","0"
"556","0"
"578","0"
"582","0"
"584","0"
"585","0"
"587","0"
"590","0"
"594","0"
"596","0"
"602","0"
"621","0"
"625","0"
"631","0"
"632","0"
"636","0"
"642","0"
"644","0"
"652","0"
"659","0"
"664","0"
"666","0"
"683","0"
"689","0"
"691","0"
"694","0"
"699","0"
"708","0"
"709","0"
"711","0"
"720","0"
"727","0"
"730","0"
"735","0"
"741","0"
"746","0"
"755","0"
"769","0"
"782","0"
"786","0"
"792","0"
"797","0"
"805","0"
"816","0"
"827","0"
"830","0"
"833","0"
"837","0"
"838","0"
"839","0"
"851","0"
"853","0"
"854","0"
"858","0"
"865","0"
"866","0"
"868","0"
"875","0"
"881","0"
"888","0"
"889","0"
"900","0"
"910","0"
"911","0"
"922","0"
"925","0"
"928","0"
"935","0"
"936","0"
"937","0"
"957","0"
"960","0"
"963","0"
"967","0"
"968","0"
"969","0"
"974","0"
"975","0"
"982","0"
"986","0"
"989","0"
"992","0"
"994","0"
"1002","0"
"1006","0"
"1013","0"
"1027","0"
"1030","0"
"1033","0"
"1038","0"
"1040","0"
"1041","0"
"1043","0"
"1051","0"
"1061","0"
"1064","0"
"1067","0"
"1068","0"
"1069","0"
"1070","0"
"1085","0"
"1088","0"
"1092","0"
"1100","0"
"1103","0"
"1107","0"
"1111","0"
"1114","0"
"1117","0"
"1124","0"
"1127","0"
"1130","0"
"1134","0"
"1140","0"
"1147","0"
"1151","0"
"1153","0"
"1156","0"
"1161","0"
"1190","0"
"1191","0"
"1193","0"
"1194","0"
"1196","0"
"1198","0"
"1200","0"
"1201","0"
"1220","0"
"1222","0"
"1227","0"
"1233","0"
"1235","0"
"1245","0"
"1248","0"
"1251","0"
"1252","0"
"1254","0"
"1265","0"
"1274","0"
"1279","0"
"1280","0"
"1291","0"
"1292","0"
"1295","0"
"1319","0"
"1324","0"
"1325","0"
"1326","0"
"1328","0"
"1351","0"
"1352","0"
"1359","0"
"1363","0"
"1370","0"
"1373","0"
"1377","0"
"1380","0"
"1383","0"
"1402","0"
"1405","0"
"1418","0"
"1419","0"
"1420","0"
"1422","0"
"1424","0"
"1428","0"
"1434","0"
"1439","0"
"1445","0"
"1465","0"
"1467","0"
"1470","0"
"1477","0"
"1478","0"
"1481","0"
"1484","0"
"1489","0"
"1500","0"
"1506","0"
"1518","0"
"1526","0"
"1527","0"
"1529","0"
"1548","0"
"1550","0"
"1551","0"
"1564","0"
"1576","0"
"1581","0"
"1584","0"
"1596","0"
"1599","0"
"1600","0"
"1601","0"
"1602","0"
"1604","0"
"1606","0"
"1607","0"
"1615","0"
"1619","0"
"1621","0"
"1625","0"
"1627","0"
"1628","0"
"1630","0"
"1634","0"
"1644","0"
"1645","0"
"1648","0"
"1654","0"
"1656","0"
"1664","0"
"1666","0"
"1668","0"
"1675","0"
"1676","0"
"1683","0"
"1691","0"
"1699","0"
"1703","0"
"1705","0"
"1706","0"
"1707","0"
"1709","0"
"1712","0"
"1718","0"
"1731","0"
"1732","0"
"1736","0"
"1744","0"
"1756","0"
"1761","0"
"1766","0"
"1767","0"
"1778","0"
"1783","0"
"1784","0"
"1785","0"
"1786","0"
"1789","0"
"1790","0"
"1793","0"
"1795","0"
"1797","0"
"1810","0"
"1811","0"
"1812","0"
"1813","0"
"1818","0"
"1827","0"
"1833","0"
"1839","0"
"1847","0"
"1855","0"
"1861","0"
"1867","0"
"1869","0"
"1871","0"
"1875","0"
"1876","0"
"1879","0"
"1888","0"
"1890","0"
"1893","0"
"1902","0"
"1905","0"
"1915","0"
"1926","0"
"1932","0"
"1934","0"
"1941","0"
"1948","0"
"1952","0"
"1955","0"
"1959","0"
"1960","0"
"1963","0"
"1964","0"
"1965","0"
"1969","0"
"1975","0"
"1977","0"
"1981","0"
"1983","0"
"1988","0"
"1992","0"
"2001","0"
"2003","0"
"2004","0"
"2008","0"
"2017","0"
"2020","0"
"2021","0"
"2022","0"
"2024","0"
"2025","0"
"2028","0"
"2031","0"
"2035","0"
"2038","0"
"2043","0"
"2055","0"
"2056","0"
"2063","0"
"2076","0"
"2080","0"
"2082","0"
"2083","0"
"2098","0"
"2103","0"
"2108","0"
"2109","0"
"2111","0"
"2113","0"
"2116","0"
"2117","0"
"2125","0"
"2126","0"
"2131","0"
"2139","0"
"2141","0"
"2143","0"
"2148","0"
"2151","0"
"2153","0"
"2155","0"
"2156","0"
"2161","0"
"2163","0"
"2185","0"
"2190","0"
"2195","0"
"2206","0"
"2217","0"
"2219","0"
"2221","0"
"2223","0"
"2225","0"
"2227","0"
"2228","0"
"2230","0"
"2236","0"
"2239","0"
"2242","0"
"2246","0"
"2249","0"
"2253","0"
"2264","0"
"2265","0"
"2266","0"
"2267","0"
"2271","0"
"2273","0"
"2277","0"
"2280","0"
"2285","0"
"2292","0"
"2296","0"
"2297","0"
"2309","0"
"2313","0"
"2314","0"
"2324","0"
"2333","0"
"2350","0"
"2363","0"
"2391","0"
"2393","0"
"2394","0"
"2397","0"
"2399","0"
"2400","0"
"2408","0"
"2416","0"
"2417","0"
"2420","0"
"2430","0"
"2434","0"
"2435","0"
"2440","0"
"2448","0"
"2449","0"
"2451","0"
"2470","0"
"2476","0"
"2499","0"
"2504","0"
"2506","0"
"2508","0"
"2511","0"
"2520","0"
"2523","0"
"2530","0"
"2538","0"
"2548","0"
"2552","0"
"2555","0"
"2562","0"
"2564","0"
"2566","0"
"2567","0"
"2576","0"
"2578","0"
"2598","0"
"2600","0"
"2603","0"
"2606","0"
"2608","0"
"2610","0"
"2612","0"
"2615","0"
"2619","0"
"2630","0"
"2631","0"
"2633","0"
"2635","0"
"2642","0"
"2643","0"
"2645","0"
"2646","0"
"2661","0"
"2674","0"
"2675","0"
"2682","0"
"2683","0"
"2687","0"
"2701","0"
"2704","0"
"2711","0"
"2712","0"
"2724","0"
"2725","0"
"2740","0"
"2743","0"
"2754","0"
"2755","0"
"2769","0"
"2772","0"
"2779","0"
"2781","0"
"2796","0"
"2798","0"
"2799","0"
"2801","0"
"2803","0"
"2804","0"
"2811","0"
"2812","0"
"2813","0"
"2815","0"
"2823","0"
"2825","0"
"2826","0"
"2831","0"
"2838","0"
"2841","0"
"2855","0"
"2859","0"
"2862","0"
"2864","0"
"2869","0"
"2871","0"
"2876","0"
"2889","0"
"2893","0"
"2896","0"
"2907","0"
"2911","0"
"2912","0"
"2917","0"
"2929","0"
"2930","0"
"2931","0"
"2935","0"
"2936","0"
"2943","0"
"2946","0"
"2949","0"
"2957","0"
"2960","0"
"2965","0"
"2973","0"
"2980","0"
"2981","0"
"2988","0"
"2991","0"
"2993","0"
"2997","0"
"3000","0"
"3003","0"
"3010","0"
"3018","0"
"3021","0"
"3026","0"
"3028","0"
"3037","0"
"3050","0"
"3059","0"
"3063","0"
"3064","0"
"3076","0"
"3078","0"
"3090","0"
"3091","0"
"3093","0"
"3099","0"
"3100","0"
"3101","0"
"3121","0"
"3132","0"
"3133","0"
"3134","0"
"3145","0"
"3150","0"
"3156","0"
"3158","0"
"3163","0"
"3167","0"
"3169","0"
"3170","0"
"3171","0"
"3173","0"
"3178","0"
"3181","0"
"3184","0"
"3185","0"
"3186","0"
"3188","0"
"3189","0"
"3193","0"
"3201","0"
"3203","0"
"3205","0"
"3207","0"
"3209","0"
"3215","0"
"3217","0"
"3227","0"
"3231","0"
"3235","0"
"3238","0"
"3245","0"
"3265","0"
"3271","0"
"3273","0"
"3276","0"
"3281","0"
"3287","0"
"3294","0"
"3295","0"
"3298","0"
"3299","0"
"3302","0"
"3304","0"
"3306","0"
"3312","0"
"3315","0"
"3320","0"
"3330","0"
"3334","0"
"3335","0"
"3338","0"
"3340","0"
"3341","0"
"3345","0"
"3353","0"
"3356","0"
"3361","0"
"3363","0"
"3366","0"
"3368","0"
"3370","0"
"3376","0"
"3377","0"
"3378","0"
"3387","0"
"3391","0"
"3393","0"
"3400","0"
"3403","0"
"3414","0"
"3429","0"
"3432","0"
"3438","0"
"3449","0"
"3454","0"
"3456","0"
"3468","0"
"3469","0"
"3470","0"
"3479","0"
"3480","0"
"3482","0"
"3493","0"
"3506","0"
"3510","0"
"3512","0"
"3514","0"
"3515","0"
"3516","0"
"3523","0"
"3524","0"
"3532","0"
"3533","0"
"3539","0"
"3551","0"
"3553","0"
"3555","0"
"3557","0"
"3558","0"
"3566","0"
"3568","0"
"3576","0"
"3587","0"
"3603","0"
"3609","0"
"3615","0"
"3620","0"
"3621","0"
"3622","0"
"3623","0"
"3626","0"
"3628","0"
"3635","0"
"3640","0"
"3641","0"
"3650","0"
"3674","0"
"3676","0"
"3678","0"
"3679","0"
"3697","0"
"3698","0"
"3700","0"
"3703","0"
"3705","0"
"3708","0"
"3719","0"
"3720","0"
"3726","0"
"3729","0"
"3732","0"
"3741","0"
"3748","0"
"3759","0"
"3760","0"
"3769","0"
"3771","0"
"3779","0"
"3781","0"
"3783","0"
"3786","0"
"3796","0"
"3800","0"
"3802","0"
"3803","0"
"3808","0"
"3810","0"
"3815","0"
"3832","0"
"3834","0"
"3836","0"
"3840","0"
"3846","0"
"3847","0"
"3857","0"
"3858","0"
"3859","0"
"3863","0"
"3870","0"
"3894","0"
"3895","0"
"3900","0"
"3906","0"
"3913","0"
"3914","0"
"3917","0"
"3922","0"
"3923","0"
"3933","0"
"3939","0"
"3940","0"
"3942","0"
"3948","0"
"3951","0"
"3954","0"
"3965","0"
"3973","0"
"3977","0"
"3982","0"
"3989","0"
"4008","0"
"4012","0"
"4018","0"
"4025","0"
"4026","0"
"4028","0"
"4032","0"
"4035","0"
"4040","0"
"4047","0"
"4052","0"
"4055","0"
"4057","0"
"4059","0"
"4063","0"
"4067","0"
"4068","0"
"4069","0"
"4077","0"
"4084","0"
"4089","0"
"4095","0"
"4100","0"
"4106","0"
"4109","0"
"4113","0"
"4115","0"
"4125","0"
"4126","0"
"4130","0"
"4131","0"
"4132","0"
"4140","0"
"4155","0"
"4157","0"
"4161","0"
"4166","0"
"4170","0"
"4179","0"
"4183","0"
"4188","0"
"4191","0"
"4193","0"
"4196","0"
"4199","0"
"4221","0"
"4228","0"
"4229","0"
"4234","0"
"4235","0"
"4252","0"
"4263","0"
"4267","0"
"4274","0"
"4281","0"
"4282","0"
"4286","0"
"4294","0"
"4302","0"
"4303","0"
"4305","0"
"4306","0"
"4315","0"
"4337","0"
"4341","0"
"4355","0"
"4368","0"
"4371","0"
"4372","0"
"4373","0"
"4376","0"
"4378","0"
"4382","0"
"4390","0"
"4395","0"
"4426","0"
"4428","0"
"4435","0"
"4436","0"
"4437","0"
"4439","0"
"4442","0"
"4443","0"
"4454","0"
"4455","0"
"4464","0"
"4466","0"
"4473","0"
"4479","0"
"4496","0"
"4498","0"
"4501","0"
"4508","0"
"4511","0"
"4522","0"
"4535","0"
"4547","0"
"4551","0"
"4561","0"
"4569","0"
"4570","0"
"4578","0"
"4593","0"
"4595","0"
"4600","0"
"4621","0"
"4624","0"
"4625","0"
"4631","0"
"4632","0"
"4636","0"
"4639","0"
"4644","0"
"4646","0"
"4647","0"
"4656","0"
"4658","0"
"4659","0"
"4663","0"
"4678","0"
"4680","0"
"4681","0"
"4682","0"
"4691","0"
"4693","0"
"4694","0"
"4712","0"
"4713","0"
"4726","0"
"4727","0"
"4730","0"
"4736","0"
"4757","0"
"4758","0"
"4766","0"
"4782","0"
"4787","0"
"4792","0"
"4797","0"
"4803","0"
"4811","0"
"4813","0"
"4832","0"
"4834","0"
"4835","0"
"4837","0"
"4842","0"
"4849","0"
"4850","0"
"4856","0"
"4861","0"
"4862","0"
"4864","0"
"4865","0"
"4873","0"
"4878","0"
"4881","0"
"4885","0"
"4889","0"
"4890","0"
"4891","0"
"4906","0"
"4910","0"
"4929","0"
"4932","0"
"4933","0"
"4936","0"
"4941","0"
"4947","0"
"4950","0"
"4953","0"
"4955","0"
"4961","0"
"4962","0"
"4970","0"
"4987","0"
"5006","0"
"5015","0"
"5017","0"
"5019","0"
"5032","0"
"5044","0"
"5054","0"
"5059","0"
"5074","0"
"5077","0"
"5089","0"
"5092","0"
"5099","0"
"5100","0"
"5106","0"
"5114","0"
"5115","0"
"5116","0"
"5117","0"
"5127","0"
"5128","0"
"5130","0"
"5138","0"
"5139","0"
"5141","0"
"5142","0"
"5144","0"
"5147","0"
"5149","0"
"5152","0"
"5155","0"
"5158","0"
"5159","0"
"5165","0"
"5169","0"
"5175","0"
"5178","0"
"5183","0"
"5184","0"
"5186","0"
"5188","0"
"5192","0"
"5193","0"
"5194","0"
"5197","0"
"5200","0"
"5201","0"
"5204","0"
"5211","0"
"5217","0"
"5218","0"
"5224","0"
"5230","0"
"5231","0"
"5234","0"
"5235","0"
"5236","0"
"5252","0"
"5255","0"
"5256","0"
"5264","0"
"5270","0"
"5279","0"
"5293","0"
"5294","0"
"5306","0"
"5314","0"
"5319","0"
"5324","0"
"5332","0"
"5337","0"
"5345","0"
"5358","0"
"5361","0"
"5368","0"
"5373","0"
"5382","0"
"5384","0"
"5390","0"
"5394","0"
"5396","0"
"5414","0"
"5424","0"
"5432","0"
"5435","0"
"5444","0"
"5446","0"
"5456","0"
"5457","0"
"5458","0"
"5462","0"
"5467","0"
"5470","0"
"5471","0"
"5482","0"
"5488","0"
"5490","0"
"5498","0"
"5502","0"
"5504","0"
"5512","0"
"5514","0"
"5528","0"
"5532","0"
"5534","0"
"5536","0"
"5539","0"
"5542","0"
"5551","0"
"5556","0"
"5560","0"
"5562","0"
"5567","0"
"5569","0"
"5570","0"
"5574","0"
"5579","0"
"5583","0"
"5586","0"
"5587","0"
"5590","0"
"5596","0"
"5599","0"
"5603","0"
"5605","0"
"5606","0"
"5609","0"
"5611","0"
"5612","0"
"5613","0"
"5614","0"
"5621","0"
"5627","0"
"5643","0"
"5651","0"
"5652","0"
"5659","0"
"5669","0"
"5674","0"
"5678","0"
"5682","0"
"5684","0"
"5689","0"
"5693","0"
"5700","0"
"5704","0"
"5709","0"
"5711","0"
"5725","0"
"5727","0"
"5735","0"
"5738","0"
"5740","0"
"5744","0"
"5745","0"
"5748","0"
"5751","0"
"5752","0"
"5753","0"
"5765","0"
"5766","0"
"5771","0"
"5772","0"
"5776","0"
"5778","0"
"5781","0"
"5782","0"
"5783","0"
"5787","0"
"5790","0"
"5799","0"
"5812","0"
"5816","0"
"5821","0"
"5822","0"
"5823","0"
"5826","0"
"5835","0"
"5836","0"
"5844","0"
"5851","0"
"5855","0"
"5856","0"
"5859","0"
"5863","0"
"5869","0"
"5873","0"
"5883","0"
"5885","0"
"5902","0"
"5903","0"
"5912","0"
"5916","0"
"5920","0"
"5921","0"
"5922","0"
"5925","0"
"5926","0"
"5932","0"
"5934","0"
"5938","0"
"5942","0"
"5954","0"
"5957","0"
"5959","0"
"5962","0"
"5964","0"
"5967","0"
"5971","0"
"5972","0"
"5975","0"
"5977","0"
"5978","0"
"5988","0"
"5990","0"
"6011","0"
"6020","0"
"6022","0"
"6030","0"
"6034","0"
"6036","0"
"6042","0"
"6045","0"
"6047","0"
"6048","0"
"6057","0"
"6058","0"
"6062","0"
"6063","0"
"6064","0"
"6081","0"
"6103","0"
"6110","0"
"6118","0"
"6121","0"
"6130","0"
"6135","0"
"6136","0"
"6150","0"
"6156","0"
"6158","0"
"6169","0"
"6176","0"
"6186","0"
"6197","0"
"6200","0"
"6201","0"
"6248","0"
"6249","0"
"6253","0"
"6257","0"
"6262","0"
"6263","0"
"6265","0"
"6268","0"
"6269","0"
"6270","0"
"6271","0"
"6273","0"
"6283","0"
"6290","0"
"6293","0"
"6294","0"
"6300","0"
"6310","0"
"6315","0"
"6316","0"
"6320","0"
"6322","0"
"6333","0"
"6334","0"
"6345","0"
"6357","0"
"6371","0"
"6384","0"
"6385","0"
"6401","0"
"6407","0"
"6415","0"
"6424","0"
"6436","0"
"6449","0"
"6450","0"
"6458","0"
"6459","0"
"6463","0"
"6464","0"
"6468","0"
"6472","0"
"6475","0"
"6478","0"
"6479","0"
"6489","0"
"6496","0"
"6501","0"
"6503","0"
"6516","0"
"6520","0"
"6525","0"
"6527","0"
"6532","0"
"6535","0"
"6540","0"
"6541","0"
"6544","0"
"6545","0"
"6546","0"
"6555","0"
"6579","0"
"6581","0"
"6584","0"
"6592","0"
"6597","0"
"6601","0"
"6606","0"
"6608","0"
"6611","0"
"6616","0"
"6619","0"
"6623","0"
"6626","0"
"6631","0"
"6632","0"
"6636","0"
"6639","0"
"6646","0"
"6660","0"
"6664","0"
"6669","0"
"6675","0"
"6676","0"
"6678","0"
"6680","0"
"6681","0"
"6682","0"
"6685","0"
"6688","0"
"6693","0"
"6697","0"
"6700","0"
"6702","0"
"6704","0"
"6716","0"
"6717","0"
"6718","0"
"6720","0"
"6723","0"
"6741","0"
"6744","0"
"6748","0"
"6755","0"
"6758","0"
"6759","0"
"6762","0"
"6763","0"
"6772","0"
"6777","0"
"6779","0"
"6788","0"
"6806","0"
"6814","0"
"6815","0"
"6823","0"
"6826","0"
"6829","0"
"6831","0"
"6844","0"
"6849","0"
"6852","0"
"6858","0"
"6860","0"
"6867","0"
"6870","0"
"6879","0"
"6887","0"
"6889","0"
"6890","0"
"6912","0"
"6913","0"
"6916","0"
"6918","0"
"6923","0"
"6931","0"
"6945","0"
"6953","0"
"6956","0"
"6963","0"
"6965","0"
"6984","0"
"6989","0"
"6997","0"
"6999","0"
"7009","0"
"7017","0"
"7021","0"
"7024","0"
"7025","0"
"7028","0"
"7029","0"
"7037","0"
"7040","0"
"7051","0"
"7054","0"
"7055","0"
"7059","0"
"7060","0"
"7062","0"
"7066","0"
"7072","0"
"7076","0"
"7083","0"
"7085","0"
"7087","0"
"7101","0"
"7102","0"
"7104","0"
"7110","0"
"7117","0"
"7121","0"
"7124","0"
"7129","0"
"7131","0"
"7136","0"
"7149","0"
"7152","0"
"7157","0"
"7160","0"
"7166","0"
"7168","0"
"7175","0"
"7177","0"
"7179","0"
"7188","0"
"7208","0"
"7216","0"
"7222","0"
"7230","0"
"7231","0"
"7232","0"
"7233","0"
"7239","0"
"7241","0"
"7243","0"
"7260","0"
"7262","0"
"7264","0"
"7268","0"
"7272","0"
"7274","0"
"7281","0"
"7284","0"
"7292","0"
"7296","0"
"7297","0"
"7302","0"
"7308","0"
"7310","0"
"7313","0"
"7321","0"
"7322","0"
"7333","0"
"7341","0"
"7345","0"
"7348","0"
"7352","0"
"7355","0"
"7357","0"
"7360","0"
"7366","0"
"7367","0"
"7369","0"
"7384","0"
"7391","0"
"7402","0"
"7408","0"
"7410","0"
"7413","0"
"7417","0"
"7448","0"
"7449","0"
"7451","0"
"7452","0"
"7454","0"
"7462","0"
"7464","0"
"7470","0"
"7471","0"
"7472","0"
"7473","0"
"7485","0"
"7487","0"
"7489","0"
"7515","0"
"7521","0"
"7527","0"
"7529","0"
"7533","0"
"7534","0"
"7539","0"
"7552","0"
"7556","0"
"7563","0"
"7566","0"
"7567","0"
"7569","0"
"7571","0"
"7573","0"
"7577","0"
"7578","0"
"7585","0"
"7586","0"
"7591","0"
"7594","0"
"7602","0"
"7604","0"
"7615","0"
"7628","0"
"7641","0"
"7643","0"
"7649","0"
"7650","0"
"7652","0"
"7657","0"
"7658","0"
"7661","0"
"7662","0"
"7667","0"
"7671","0"
"7682","0"
"7683","0"
"7684","0"
"7685","0"
"7691","0"
"7711","0"
"7712","0"
"7713","0"
"7714","0"
"7717","0"
"7718","0"
"7732","0"
"7746","0"
"7749","0"
"7761","0"
"7762","0"
"7764","0"
"7768","0"
"7773","0"
"7774","0"
"7776","0"
"7782","0"
"7786","0"
"7789","0"
"7793","0"
"7805","0"
"7810","0"
"7811","0"
"7813","0"
"7822","0"
"7823","0"
"7830","0"
"7839","0"
"7848","0"
"7851","0"
"7852","0"
"7853","0"
"7857","0"
"7864","0"
"7867","0"
"7868","0"
"7880","0"
"7886","0"
"7889","0"
"7894","0"
"7895","0"
"7896","0"
"7908","0"
"7914","0"
"7922","0"
"7929","0"
"7936","0"
"7938","0"
"7940","0"
"7943","0"
"7945","0"
"7946","0"
"7951","0"
"7952","0"
"7953","0"
"7956","0"
"7973","0"
"7977","0"
"7980","0"
"7982","0"
"7984","0"
"7988","0"
"7991","0"
"7997","0"
"7998","0"
"8002","0"
"8006","0"
"8007","0"
"8016","0"
"8020","0"
"8023","0"
"8025","0"
"8027","0"
"8037","0"
"8038","0"
"8039","0"
"8041","0"
"8046","0"
"8047","0"
"8053","0"
"8054","0"
"8055","0"
"8056","0"
"8060","0"
"8073","0"
"8076","0"
"8080","0"
"8084","0"
"8088","0"
"8093","0"
"8094","0"
"8097","0"
"8106","0"
"8108","0"
"8117","0"
"8122","0"
"8123","0"
"8127","0"
"8146","0"
"8148","0"
"8152","0"
"8153","0"
"8155","0"
"8161","0"
"8162","0"
"8164","0"
"8166","0"
"8168","0"
"8177","0"
"8185","0"
"8190","0"
"8192","0"
"8194","0"
"8198","0"
"8205","0"
"8207","0"
"8219","0"
"8225","0"
"8231","0"
"8234","0"
"8240","0"
"8242","0"
"8245","0"
"8252","0"
"8256","0"
"8258","0"
"8262","0"
"8263","0"
"8273","0"
"8276","0"
"8279","0"
"8287","0"
"8290","0"
"8295","0"
"8297","0"
"8307","0"
"8311","0"
"8312","0"
"8313","0"
"8325","0"
"8329","0"
"8333","0"
"8334","0"
"8340","0"
"8342","0"
"8347","0"
"8357","0"
"8380","0"
"8385","0"
"8391","0"
"8397","0"
"8399","0"
"8412","0"
"8418","0"
"8419","0"
"8421","0"
"8426","0"
"8427","0"
"8437","0"
"8450","0"
"8458","0"
"8462","0"
"8464","0"
"8473","0"
"8479","0"
"8484","0"
"8486","0"
"8490","0"
"8497","0"
"8500","0"
"8501","0"
"8502","0"
"8504","0"
"8514","0"
"8519","0"
"8520","0"
"8521","0"
"8527","0"
"8528","0"
"8531","0"
"8543","0"
"8559","0"
"8565","0"
"8566","0"
"8567","0"
"8574","0"
"8575","0"
"8579","0"
"8587","0"
"8596","0"
"8597","0"
"8599","0"
"8623","0"
"8644","0"
"8645","0"
"8671","0"
"8672","0"
"8673","0"
"8678","0"
"8684","0"
"8685","0"
"8687","0"
"8689","0"
"8692","0"
"8696","0"
"8698","0"
"8701","0"
"8710","0"
"8711","0"
"8715","0"
"8717","0"
"8721","0"
"8724","0"
"8729","0"
"8733","0"
"8735","0"
"8737","0"
"8745","0"
"8747","0"
"8768","0"
"8769","0"
"8775","0"
"8777","0"
"8781","0"
"8782","0"
"8786","0"
"8787","0"
"8791","0"
"8799","0"
"8805","0"
"8819","0"
"8821","0"
"8833","0"
"8838","0"
"8839","0"
"8846","0"
"8849","0"
"8857","0"
"8860","0"
"8870","0"
"8886","0"
"8887","0"
"8891","0"
"8909","0"
"8915","0"
"8922","0"
"8924","0"
"8926","0"
"8930","0"
"8947","0"
"8958","0"
"8965","0"
"8967","0"
"8969","0"
"8972","0"
"8978","0"
"8988","0"
"8991","0"
"8993","0"
"9002","0"
"9004","0"
"9005","0"
"9011","0"
"9012","0"
"9013","0"
"9015","0"
"9017","0"
"9020","0"
"9025","0"
"9028","0"
"9032","0"
"9033","0"
"9040","0"
"9046","0"
"9049","0"
"9050","0"
"9052","0"
"9054","0"
"9057","0"
"9059","0"
"9060","0"
"9076","0"
"9092","0"
"9095","0"
"9103","0"
"9110","0"
"9111","0"
"9126","0"
"9134","0"
"9138","0"
"9141","0"
"9142","0"
"9167","0"
"9171","0"
"9178","0"
"9185","0"
"9188","0"
"9192","0"
"9200","0"
"9203","0"
"9204","0"
"9215","0"
"9219","0"
"9220","0"
"9222","0"
"9237","0"
"9240","0"
"9246","0"
"9248","0"
"9249","0"
"9251","0"
"9269","0"
"9270","0"
"9271","0"
"9272","0"
"9278","0"
"9281","0"
"9282","0"
"9283","0"
"9287","0"
"9288","0"
"9292","0"
"9299","0"
"9310","0"
"9313","0"
"9322","0"
"9326","0"
"9334","0"
"9342","0"
"9347","0"
"9351","0"
"9353","0"
"9370","0"
"9378","0"
"9379","0"
"9380","0"
"9385","0"
"9388","0"
"9394","0"
"9396","0"
"9399","0"
"9400","0"
"9411","0"
"9413","0"
"9437","0"
"9438","0"
"9440","0"
"9441","0"
"9446","0"
"9453","0"
"9467","0"
"9476","0"
"9481","0"
"9482","0"
"9491","0"
"9492","0"
"9498","0"
"9502","0"
"9505","0"
"9509","0"
"9510","0"
"9511","0"
"9512","0"
"9513","0"
"9518","0"
"9519","0"
"9524","0"
"9526","0"
"9533","0"
"9538","0"
"9543","0"
"9544","0"
"9545","0"
"9546","0"
"9552","0"
"9556","0"
"9568","0"
"9569","0"
"9570","0"
"9571","0"
"9580","0"
"9583","0"
"9586","0"
"9594","0"
"9595","0"
"9599","0"
"9604","0"
"9615","0"
"9627","0"
"9631","0"
"9638","0"
"9643","0"
"9657","0"
"9661","0"
"9666","0"
"9668","0"
"9669","0"
"9677","0"
"9687","0"
"9691","0"
"9693","0"
"9694","0"
"9698","0"
"9703","0"
"9705","0"
"9710","0"
"9714","0"
"9719","0"
"9726","0"
"9730","0"
"9732","0"
"9735","0"
"9737","0"
"9738","0"
"9741","0"
"9751","0"
"9761","0"
"9766","0"
"9767","0"
"9772","0"
"9780","0"
"9783","0"
"9786","0"
"9788","0"
"9789","0"
"9791","0"
"9793","0"
"9810","0"
"9813","0"
"9821","0"
"9824","0"
"9829","0"
"9831","0"
"9834","0"
"9841","0"
"9844","0"
"9846","0"
"9851","0"
"9857","0"
"9865","0"
"9869","0"
"9878","0"
"9879","0"
"9889","0"
"9891","0"
"9893","0"
"9896","0"
"9900","0"
"9912","0"
"9914","0"
"9918","0"
"9926","0"
"9932","0"
"9936","0"
"9954","0"
"9955","0"
"9957","0"
"9960","0"
"9970","0"
"9973","0"
"9978","0"
"9980","0"
"9981","0"
"9982","0"
"9984","0"
"9985","0"
"9991","0"
"9999","0"
"10003","0"
"10010","0"
"10017","0"
"10018","0"
"10021","0"
"10028","0"
"10031","0"
"10045","0"
"10048","0"
"10051","0"
"10064","0"
"10074","0"
"10078","0"
"10082","0"
"10100","0"
"10101","0"
"10103","0"
"10104","0"
"10109","0"
"10114","0"
"10124","0"
"10142","0"
"10144","0"
"10147","0"
"10151","0"
"10154","0"
"10156","0"
"10161","0"
"10163","0"
"10168","0"
"10172","0"
"10173","0"
"10175","0"
"10186","0"
"10188","0"
"10191","0"
"10193","0"
"10206","0"
"10211","0"
"10212","0"
"10216","0"
"10223","0"
"10238","0"
"10243","0"
"10244","0"
"10251","0"
"10253","0"
"10256","0"
"10265","0"
"10271","0"
"10275","0"
"10281","0"
"10285","0"
"10287","0"
"10300","0"
"10305","0"
"10306","0"
"10310","0"
"10313","0"
"10314","0"
"10318","0"
"10319","0"
"10323","0"
"10333","0"
"10347","0"
"10351","0"
"10356","0"
"10362","0"
"10365","0"
"10366","0"
"10369","0"
"10370","0"
"10374","0"
"10379","0"
"10383","0"
"10391","0"
"10392","0"
"10394","0"
"10398","0"
"10399","0"
"10401","0"
"10404","0"
"10408","0"
"10414","0"
"10420","0"
"10425","0"
"10429","0"
"10430","0"
"10434","0"
"10437","0"
"10441","0"
"10443","0"
"10445","0"
"10447","0"
"10448","0"
"10450","0"
"10462","0"
"10470","0"
"10471","0"
"10472","0"
"10480","0"
"10501","0"
"10505","0"
"10506","0"
"10516","0"
"10523","0"
"10526","0"
"10527","0"
"10545","0"
"10548","0"
"10554","0"
"10563","0"
"10564","0"
"10569","0"
"10573","0"
"10584","0"
"10593","0"
"10596","0"
"10602","0"
"10611","0"
"10616","0"
"10617","0"
"10621","0"
"10622","0"
"10624","0"
"10625","0"
"10632","0"
"10657","0"
"10661","0"
"10664","0"
"10670","0"
"10684","0"
"10696","0"
"10703","0"
"10709","0"
"10711","0"
"10719","0"
"10722","0"
"10732","0"
"10737","0"
"10741","0"
"10746","0"
"10750","0"
"10759","0"
"10782","0"
"10783","0"
"10791","0"
"10792","0"
"10797","0"
"10807","0"
"10813","0"
"10816","0"
"10825","0"
"10831","0"
"10833","0"
"10834","0"
"10838","0"
"10842","0"
"10847","0"
"10860","0"
"10861","0"
"10866","0"
"10868","0"
"10869","0"
"10872","0"
"10873","0"
"10875","0"
"10880","0"
"10883","0"
"10886","0"
"10897","0"
"10898","0"
"10904","0"
"10910","0"
"10926","0"
"10927","0"
"10932","0"
"10943","0"
"10953","0"
"10957","0"
"10965","0"
"10977","0"
"10982","0"
"10983","0"
"10984","0"
"10988","0"
"10989","0"
"10990","0"
"10992","0"
"11002","0"
"11009","0"
"11012","0"
"11020","0"
"11022","0"
"11031","0"
"11042","0"
"11044","0"
"11047","0"
"11049","0"
"11050","0"
"11056","0"
"11062","0"
"11063","0"
"11067","0"
"11071","0"
"11073","0"
"11081","0"
"11084","0"
"11089","0"
"11092","0"
"11093","0"
"11094","0"
"11096","0"
"11098","0"
"11109","0"
"11112","0"
"11115","0"
"11132","0"
"11135","0"
"11139","0"
"11150","0"
"11158","0"
"11160","0"
"11162","0"
"11167","0"
"11171","0"
"11173","0"
"11188","0"
"11195","0"
"11196","0"
"11198","0"
"11209","0"
"11210","0"
"11215","0"
"11221","0"
"11236","0"
"11240","0"
"11246","0"
"11249","0"
"11250","0"
"11253","0"
"11258","0"
"11261","0"
"11263","0"
"11264","0"
"11271","0"
"11279","0"
"11299","0"
"11306","0"
"11308","0"
"11314","0"
"11315","0"
"11316","0"
"11318","0"
"11324","0"
"11328","0"
"11329","0"
"11352","0"
"11362","0"
"11376","0"
"11377","0"
"11384","0"
"11390","0"
"11393","0"
"11397","0"
"11400","0"
"11401","0"
"11405","0"
"11406","0"
"11408","0"
"11418","0"
"11425","0"
"11426","0"
"11429","0"
"11434","0"
"11437","0"
"11474","0"
"11483","0"
"11485","0"
"11486","0"
"11489","0"
"11494","0"
"11495","0"
"11497","0"
"11504","0"
"11511","0"
"11519","0"
"11528","0"
"11529","0"
"11531","0"
"11537","0"
"11541","0"
"11543","0"
"11548","0"
"11554","0"
"11561","0"
"11567","0"
"11577","0"
"11579","0"
"11584","0"
"11591","0"
"11593","0"
"11595","0"
"11603","0"
"11614","0"
"11615","0"
"11621","0"
"11629","0"
"11643","0"
"11645","0"
"11649","0"
"11660","0"
"11684","0"
"11685","0"
"11692","0"
"11695","0"
"11699","0"
"11712","0"
"11716","0"
"11724","0"
"11725","0"
"11728","0"
"11729","0"
"11730","0"
"11735","0"
"11738","0"
"11748","0"
"11749","0"
"11771","0"
"11774","0"
"11779","0"
"11786","0"
"11794","0"
"11807","0"
"11808","0"
"11825","0"
"11827","0"
"11834","0"
"11838","0"
"11843","0"
"11851","0"
"11859","0"
"11863","0"
"11864","0"
"11869","0"
"11875","0"
"11876","0"
"11879","0"
"11884","0"
"11885","0"
"11886","0"
"11888","0"
"11894","0"
"11909","0"
"11925","0"
"11927","0"
"11928","0"
"11929","0"
"11930","0"
"11933","0"
"11934","0"
"11935","0"
"11936","0"
"11938","0"
"11956","0"
"11958","0"
"11963","0"
"11970","0"
"11975","0"
"11984","0"
"11992","0"
"11998","0"
"12000","0"
"12001","0"
"12002","0"
"12013","0"
"12019","0"
"12026","0"
"12027","0"
"12034","0"
"12040","0"
"12050","0"
"12051","0"
"12052","0"
"12067","0"
"12073","0"
"12076","0"
"12079","0"
"12088","0"
"12089","0"
"12091","0"
"12092","0"
"12093","0"
"12104","0"
"12110","0"
"12117","0"
"12119","0"
"12120","0"
"12126","0"
"12127","0"
"12128","0"
"12136","0"
"12147","0"
"12159","0"
"12170","0"
"12171","0"
"12186","0"
"12198","0"
"12208","0"
"12214","0"
"12215","0"
"12226","0"
"12230","0"
"12239","0"
"12240","0"
"12241","0"
"12244","0"
"12247","0"
"12249","0"
"12253","0"
"12258","0"
"12262","0"
"12264","0"
"12265","0"
"12269","0"
"12273","0"
"12279","0"
"12282","0"
"12284","0"
"12286","0"
"12289","0"
"12300","0"
"12307","0"
"12317","0"
"12318","0"
"12321","0"
"12331","0"
"12332","0"
"12333","0"
"12339","0"
"12348","0"
"12350","0"
"12356","0"
"12366","0"
"12368","0"
"12371","0"
"12385","0"
"12409","0"
"12417","0"
"12419","0"
"12420","0"
"12432","0"
"12434","0"
"12438","0"
"12442","0"
"12448","0"
"12450","0"
"12451","0"
"12455","0"
"12467","0"
"12469","0"
"12471","0"
"12476","0"
"12480","0"
"12484","0"
"12487","0"
"12493","0"
"12495","0"
"12502","0"
"12512","0"
"12527","0"
"12531","0"
"12533","0"
"12540","0"
"12543","0"
"12544","0"
"12545","0"
"12548","0"
"12553","0"
"12560","0"
"12567","0"
"12570","0"
"12574","0"
"12577","0"
"12578","0"
"12579","0"
"12580","0"
"12587","0"
"12597","0"
"12598","0"
"12602","0"
"12604","0"
"12606","0"
"12611","0"
"12618","0"
"12620","0"
"12621","0"
"12622","0"
"12626","0"
"12627","0"
"12630","0"
"12633","0"
"12634","0"
"12636","0"
"12638","0"
"12645","0"
"12650","0"
"12668","0"
"12672","0"
"12673","0"
"12679","0"
"12681","0"
"12687","0"
"12689","0"
"12699","0"
"12702","0"
"12707","0"
"12711","0"
"12722","0"
"12734","0"
"12737","0"
"12754","0"
"12759","0"
"12761","0"
"12768","0"
"12777","0"
"12786","0"
"12790","0"
"12793","0"
"12799","0"
"12801","0"
"12808","0"
"12817","0"
"12823","0"
"12827","0"
"12840","0"
"12842","0"
"12846","0"
"12848","0"
"12850","0"
"12852","0"
"12867","0"
"12869","0"
"12873","0"
"12877","0"
"12880","0"
"12888","0"
"12889","0"
"12890","0"
"12901","0"
"12903","0"
"12912","0"
"12923","0"
"12929","0"
"12934","0"
"12935","0"
"12936","0"
"12940","0"
"12948","0"
"12959","0"
"12966","0"
"12967","0"
"12969","0"
"12975","0"
"12976","0"
"12993","0"
"12997","0"
"13002","0"
"13006","0"
"13008","0"
"13014","0"
"13015","0"
"13021","0"
"13026","0"
"13028","0"
"13037","0"
"13038","0"
"13053","0"
"13058","0"
"13061","0"
"13067","0"
"13080","0"
"13082","0"
"13084","0"
"13094","0"
"13096","0"
"13105","0"
"13111","0"
"13112","0"
"13114","0"
"13115","0"
"13122","0"
"13127","0"
"13128","0"
"13137","0"
"13138","0"
"13142","0"
"13144","0"
"13146","0"
"13155","0"
"13158","0"
"13160","0"
"13184","0"
"13185","0"
"13187","0"
"13188","0"
"13192","0"
"13195","0"
"13196","0"
"13206","0"
"13207","0"
"13208","0"
"13210","0"
"13213","0"
"13218","0"
"13232","0"
"13233","0"
"13234","0"
"13241","0"
"13245","0"
"13246","0"
"13247","0"
"13249","0"
"13252","0"
"13253","0"
"13258","0"
"13259","0"
"13261","0"
"13263","0"
"13264","0"
"13266","0"
"13267","0"
"13272","0"
"13285","0"
"13286","0"
"13297","0"
"13300","0"
"13301","0"
"13312","0"
"13314","0"
"13318","0"
"13319","0"
"13320","0"
"13321","0"
"13322","0"
"13323","0"
"13325","0"
"13330","0"
"13335","0"
"13336","0"
"13339","0"
"13355","0"
"13357","0"
"13361","0"
"13364","0"
"13374","0"
"13377","0"
"13380","0"
"13383","0"
"13394","0"
"13403","0"
"13421","0"
"13429","0"
"13440","0"
"13445","0"
"13450","0"
"13451","0"
"13456","0"
"13461","0"
"13463","0"
"13465","0"
"13469","0"
"13483","0"
"13495","0"
"13508","0"
"13514","0"
"13524","0"
"13532","0"
"13540","0"
"13544","0"
"13555","0"
"13561","0"
"13566","0"
"13572","0"
"13577","0"
"13582","0"
"13586","0"
"13607","0"
"13610","0"
"13616","0"
"13627","0"
"13629","0"
"13633","0"
"13639","0"
"13642","0"
"13648","0"
"13650","0"
"13656","0"
"13658","0"
"13666","0"
"13672","0"
"13688","0"
"13693","0"
"13697","0"
"13698","0"
"13700","0"
"13702","0"
"13706","0"
"13707","0"
"13711","0"
"13717","0"
"13718","0"
"13722","0"
"13724","0"
"13733","0"
"13735","0"
"13737","0"
"13745","0"
"13753","0"
"13754","0"
"13757","0"
"13758","0"
"13759","0"
"13766","0"
"13774","0"
"13777","0"
"13779","0"
"13796","0"
"13799","0"
"13800","0"
"13801","0"
"13803","0"
"13806","0"
"13811","0"
"13813","0"
"13817","0"
"13818","0"
"13821","0"
"13823","0"
"13833","0"
"13834","0"
"13835","0"
"13838","0"
"13839","0"
"13842","0"
"13843","0"
"13848","0"
"13855","0"
"13868","0"
"13877","0"
"13880","0"
"13884","0"
"13888","0"
"13896","0"
"13899","0"
"13910","0"
"13919","0"
"13922","0"
"13926","0"
"13935","0"
"13936","0"
"13941","0"
"13942","0"
"13950","0"
"13954","0"
"13955","0"
"13966","0"
"13969","0"
"13978","0"
"13989","0"
"13990","0"
"13995","0"
"13999","0"
"14001","0"
"14017","0"
"14018","0"
"14019","0"
"14026","0"
"14033","0"
"14038","0"
"14040","0"
"14050","0"
"14054","0"
"14057","0"
"14059","0"
"14065","0"
"14069","0"
"14071","0"
"14074","0"
"14075","0"
"14077","0"
"14078","0"
"14079","0"
"14085","0"
"14087","0"
"14088","0"
"14090","0"
"14097","0"
"14108","0"
"14139","0"
"14142","0"
"14148","0"
"14149","0"
"14152","0"
"14157","0"
"14164","0"
"14175","0"
"14183","0"
"14184","0"
"14185","0"
"14193","0"
"14196","0"
"14199","0"
"14200","0"
"14207","0"
"14211","0"
"14212","0"
"14231","0"
"14235","0"
"14238","0"
"14239","0"
"14241","0"
"14242","0"
"14245","0"
"14246","0"
"14250","0"
"14252","0"
"14253","0"
"14260","0"
"14263","0"
"14264","0"
"14268","0"
"14275","0"
"14281","0"
"14288","0"
"14291","0"
"14301","0"
"14309","0"
"14316","0"
"14318","0"
"14320","0"
"14321","0"
"14328","0"
"14334","0"
"14340","0"
"14344","0"
"14347","0"
"14353","0"
"14358","0"
"14379","0"
"14382","0"
"14385","0"
"14395","0"
"14397","0"
"14403","0"
"14416","0"
"14425","0"
"14428","0"
"14434","0"
"14435","0"
"14439","0"
"14444","0"
"14450","0"
"14458","0"
"14460","0"
"14472","0"
"14477","0"
"14510","0"
"14532","0"
"14541","0"
"14543","0"
"14549","0"
"14551","0"
"14552","0"
"14556","0"
"14557","0"
"14559","0"
"14561","0"
"14565","0"
"14568","0"
"14577","0"
"14582","0"
"14597","0"
"14598","0"
"14599","0"
"14601","0"
"14606","0"
"14611","0"
"14619","0"
"14620","0"
"14624","0"
"14633","0"
"14652","0"
"14654","0"
"14658","0"
"14659","0"
"14672","0"
"14678","0"
"14680","0"
"14683","0"
"14685","0"
"14691","0"
"14693","0"
"14699","0"
"14705","0"
"14711","0"
"14712","0"
"14713","0"
"14718","0"
"14725","0"
"14726","0"
"14730","0"
"14732","0"
"14737","0"
"14742","0"
"14743","0"
"14753","0"
"14758","0"
"14761","0"
"14766","0"
"14767","0"
"14769","0"
"14782","0"
"14785","0"
"14786","0"
"14787","0"
"14788","0"
"14801","0"
"14803","0"
"14809","0"
"14810","0"
"14824","0"
"14831","0"
"14833","0"
"14839","0"
"14842","0"
"14845","0"
"14846","0"
"14849","0"
"14857","0"
"14864","0"
"14868","0"
"14869","0"
"14870","0"
"14879","0"
"14881","0"
"14882","0"
"14888","0"
"14889","0"
"14895","0"
"14896","0"
"14902","0"
"14905","0"
"14907","0"
"14929","0"
"14947","0"
"14948","0"
"14951","0"
"14961","0"
"14964","0"
"14969","0"
"14977","0"
"14980","0"
"14987","0"
"15002","0"
"15003","0"
"15017","0"
"15019","0"
"15020","0"
"15022","0"
"15023","0"
"15031","0"
"15040","0"
"15044","0"
"15050","0"
"15054","0"
"15065","0"
"15068","0"
"15083","0"
"15086","0"
"15088","0"
"15094","0"
"15098","0"
"15102","0"
"15110","0"
"15111","0"
"15113","0"
"15117","0"
"15121","0"
"15123","0"
"15124","0"
"15127","0"
"15133","0"
"15143","0"
"15155","0"
"15158","0"
"15161","0"
"15163","0"
"15167","0"
"15171","0"
"15176","0"
"15180","0"
"15181","0"
"15183","0"
"15186","0"
"15189","0"
"15199","0"
"15200","0"
"15202","0"
"15206","0"
"15223","0"
"15224","0"
"15225","0"
"15226","0"
"15234","0"
"15236","0"
"15237","0"
"15240","0"
"15245","0"
"15246","0"
"15249","0"
"15251","0"
"15264","0"
"15265","0"
"15269","0"
"15278","0"
"15283","0"
"15288","0"
"15291","0"
"15297","0"
"15298","0"
"15299","0"
"15307","0"
"15308","0"
"15312","0"
"15315","0"
"15316","0"
"15332","0"
"15334","0"
"15347","0"
"15348","0"
"15360","0"
"15365","0"
"15368","0"
"15377","0"
"15378","0"
"15382","0"
"15384","0"
"15389","0"
"15392","0"
"15393","0"
"15394","0"
"15398","0"
"15402","0"
"15406","0"
"15413","0"
"15416","0"
"15429","0"
"15434","0"
"15445","0"
"15452","0"
"15453","0"
"15454","0"
"15461","0"
"15466","0"
"15467","0"
"15469","0"
"15492","0"
"15495","0"
"15508","0"
"15520","0"
"15523","0"
"15533","0"
"15550","0"
"15552","0"
"15554","0"
"15555","0"
"15557","0"
"15558","0"
"15564","0"
"15572","0"
"15573","0"
"15575","0"
"15582","0"
"15598","0"
"15602","0"
"15623","0"
"15627","0"
"15628","0"
"15633","0"
"15636","0"
"15640","0"
"15652","0"
"15653","0"
"15658","0"
"15676","0"
"15679","0"
"15683","0"
"15685","0"
"15692","0"
"15694","0"
"15695","0"
"15699","0"
"15705","0"
"15707","0"
"15710","0"
"15733","0"
"15740","0"
"15742","0"
"15745","0"
"15748","0"
"15752","0"
"15755","0"
"15762","0"
"15774","0"
"15787","0"
"15788","0"
"15789","0"
"15791","0"
"15800","0"
"15803","0"
"15804","0"
"15807","0"
"15809","0"
"15812","0"
"15814","0"
"15816","0"
"15819","0"
"15821","0"
"15832","0"
"15835","0"
"15852","0"
"15853","0"
"15855","0"
"15863","0"
"15865","0"
"15888","0"
"15889","0"
"15892","0"
"15894","0"
"15897","0"
"15902","0"
"15903","0"
"15904","0"
"15910","0"
"15918","0"
"15930","0"
"15940","0"
"15941","0"
"15944","0"
"15949","0"
"15951","0"
"15955","0"
"15959","0"
"15963","0"
"15964","0"
"15969","0"
"15974","0"
"15978","0"
"15980","0"
"15981","0"
"15982","0"
"15986","0"
"15991","0"
"15994","0"
"16005","0"
"16007","0"
"16012","0"
"16013","0"
"16015","0"
"16016","0"
"16024","0"
"16028","0"
"16029","0"
"16033","0"
"16037","0"
"16048","0"
"16049","0"
"16062","0"
"16066","0"
"16073","0"
"16074","0"
"16075","0"
"16082","0"
"16086","0"
"16091","0"
"16092","0"
"16093","0"
"16111","0"
"16112","0"
"16116","0"
"16122","0"
"16124","0"
"16125","0"
"16127","0"
"16133","0"
"16138","0"
"16139","0"
"16140","0"
"16142","0"
"16147","0"
"16149","0"
"16152","0"
"16169","0"
"16170","0"
"16179","0"
"16193","0"
"16195","0"
"16196","0"
"16199","0"
"16209","0"
"16216","0"
"16228","0"
"16230","0"
"16233","0"
"16235","0"
"16241","0"
"16243","0"
"16245","0"
"16253","0"
"16264","0"
"16270","0"
"16272","0"
"16276","0"
"16289","0"
"16296","0"
"16300","0"
"16302","0"
"16305","0"
"16306","0"
"16310","0"
"16311","0"
"16315","0"
"16316","0"
"16320","0"
"16328","0"
"16329","0"
"16351","0"
"16353","0"
"16354","0"
"16357","0"
"16361","0"
"16363","0"
"16367","0"
"16368","0"
"16369","0"
"16378","0"
"16383","0"
"16389","0"
"16391","0"
"16398","0"
"16400","0"
"16404","0"
"16405","0"
"16409","0"
"16412","0"
"16421","0"
"16439","0"
"16452","0"
"16462","0"
"16465","0"
"16475","0"
"16476","0"
"16477","0"
"16478","0"
"16481","0"
"16489","0"
"16492","0"
"16498","0"
"16507","0"
"16510","0"
"16520","0"
"16528","0"
"16529","0"
"16533","0"
"16534","0"
"16550","0"
"16553","0"
"16554","0"
"16555","0"
"16559","0"
"16568","0"
"16577","0"
"16582","0"
"16583","0"
"16586","0"
"16598","0"
"16603","0"
"16623","0"
"16624","0"
"16639","0"
"16645","0"
"16647","0"
"16656","0"
"16657","0"
"16659","0"
"16660","0"
"16661","0"
"16672","0"
"16675","0"
"16680","0"
"16681","0"
"16683","0"
"16685","0"
"16694","0"
"16698","0"
"16705","0"
"16708","0"
"16709","0"
"16724","0"
"16726","0"
"16729","0"
"16730","0"
"16732","0"
"16735","0"
"16736","0"
"16744","0"
"16750","0"
"16759","0"
"16762","0"
"16763","0"
"16767","0"
"16768","0"
"16771","0"
"16785","0"
"16786","0"
"16792","0"
"16795","0"
"16798","0"
"16803","0"
"16804","0"
"16805","0"
"16815","0"
"16819","0"
"16820","0"
"16825","0"
"16827","0"
"16833","0"
"16848","0"
"16852","0"
"16855","0"
"16861","0"
"16862","0"
"16866","0"
"16874","0"
"16881","0"
"16896","0"
"16904","0"
"16910","0"
"16916","0"
"16924","0"
"16933","0"
"16940","0"
"16941","0"
"16959","0"
"16960","0"
"16966","0"
"16971","0"
"16974","0"
"16978","0"
"16979","0"
"16980","0"
"17008","0"
"17012","0"
"17014","0"
"17024","0"
"17029","0"
"17033","0"
"17037","0"
"17047","0"
"17055","0"
"17062","0"
"17064","0"
"17067","0"
"17075","0"
"17076","0"
"17079","0"
"17093","0"
"17097","0"
"17105","0"
"17106","0"
"17113","0"
"17119","0"
"17121","0"
"17123","0"
"17127","0"
"17133","0"
"17137","0"
"17140","0"
"17143","0"
"17144","0"
"17147","0"
"17150","0"
"17162","0"
"17174","0"
"17178","0"
"17184","0"
"17186","0"
"17188","0"
"17199","0"
"17200","0"
"17201","0"
"17204","0"
"17209","0"
"17210","0"
"17215","0"
"17216","0"
"17219","0"
"17228","0"
"17229","0"
"17230","0"
"17234","0"
"17236","0"
"17239","0"
"17240","0"
"17243","0"
"17245","0"
"17247","0"
"17254","0"
"17267","0"
"17279","0"
"17286","0"
"17288","0"
"17290","0"
"17295","0"
"17302","0"
"17303","0"
"17304","0"
"17306","0"
"17312","0"
"17313","0"
"17319","0"
"17320","0"
"17323","0"
"17324","0"
"17327","0"
"17329","0"
"17340","0"
"17341","0"
"17355","0"
"17360","0"
"17362","0"
"17364","0"
"17368","0"
"17370","0"
"17372","0"
"17377","0"
"17381","0"
"17385","0"
"17388","0"
"17392","0"
"17400","0"
"17404","0"
"17407","0"
"17408","0"
"17412","0"
"17413","0"
"17414","0"
"17415","0"
"17416","0"
"17420","0"
"17430","0"
"17431","0"
"17439","0"
"17461","0"
"17465","0"
"17467","0"
"17468","0"
"17469","0"
"17471","0"
"17472","0"
"17473","0"
"17475","0"
"17476","0"
"17500","0"
"17504","0"
"17512","0"
"17520","0"
"17529","0"
"17532","0"
"17534","0"
"17535","0"
"17539","0"
"17542","0"
"17548","0"
"17557","0"
"17561","0"
"17572","0"
"17582","0"
"17586","0"
"17587","0"
"17591","0"
"17597","0"
"17599","0"
"17602","0"
"17609","0"
"17612","0"
"17617","0"
"17621","0"
"17623","0"
"17626","0"
"17628","0"
"17632","0"
"17634","0"
"17639","0"
"17643","0"
"17656","0"
"17662","0"
"17665","0"
"17671","0"
"17679","0"
"17684","0"
"17694","0"
"17706","0"
"17710","0"
"17711","0"
"17714","0"
"17722","0"
"17723","0"
"17739","0"
"17744","0"
"17746","0"
"17754","0"
"17759","0"
"17760","0"
"17763","0"
"17773","0"
"17776","0"
"17777","0"
"17787","0"
"17793","0"
"17794","0"
"17795","0"
"17804","0"
"17807","0"
"17815","0"
"17817","0"
"17830","0"
"17835","0"
"17836","0"
"17848","0"
"17858","0"
"17859","0"
"17861","0"
"17862","0"
"17874","0"
"17875","0"
"17879","0"
"17884","0"
"17885","0"
"17886","0"
"17894","0"
"17898","0"
"17901","0"
"17904","0"
"17909","0"
"17911","0"
"17913","0"
"17915","0"
"17919","0"
"17920","0"
"17925","0"
"17927","0"
"17928","0"
"17933","0"
"17936","0"
"17939","0"
"17954","0"
"17955","0"
"17956","0"
"17960","0"
"17965","0"
"17991","0"
"17999","0"
"18005","0"
"18007","0"
"18008","0"
"18010","0"
"18011","0"
"18017","0"
"18019","0"
"18027","0"
"18051","0"
"18058","0"
"18059","0"
"18062","0"
"18070","0"
"18071","0"
"18083","0"
"18085","0"
"18090","0"
"18113","0"
"18122","0"
"18132","0"
"18139","0"
"18143","0"
"18146","0"
"18147","0"
"18153","0"
"18160","0"
"18161","0"
"18162","0"
"18165","0"
"18169","0"
"18181","0"
"18192","0"
"18194","0"
"18199","0"
"18204","0"
"18210","0"
"18211","0"
"18213","0"
"18215","0"
"18216","0"
"18232","0"
"18235","0"
"18242","0"
"18243","0"
"18249","0"
"18250","0"
"18251","0"
"18252","0"
"18260","0"
"18278","0"
"18280","0"
"18286","0"
"18288","0"
"18290","0"
"18294","0"
"18301","0"
"18305","0"
"18313","0"
"18316","0"
"18321","0"
"18327","0"
"18329","0"
"18331","0"
"18333","0"
"18335","0"
"18340","0"
"18349","0"
"18357","0"
"18358","0"
"18359","0"
"18360","0"
"18366","0"
"18372","0"
"18391","0"
"18393","0"
"18395","0"
"18402","0"
"18405","0"
"18408","0"
"18423","0"
"18424","0"
"18434","0"
"18440","0"
"18442","0"
"18445","0"
"18449","0"
"18450","0"
"18452","0"
"18455","0"
"18465","0"
"18476","0"
"18484","0"
"18487","0"
"18491","0"
"18495","0"
"18506","0"
"18507","0"
"18515","0"
"18518","0"
"18519","0"
"18520","0"
"18533","0"
"18537","0"
"18543","0"
"18544","0"
"18546","0"
"18560","0"
"18562","0"
"18566","0"
"18572","0"
"18577","0"
"18580","0"
"18594","0"
"18598","0"
"18605","0"
"18610","0"
"18611","0"
"18624","0"
"18625","0"
"18630","0"
"18642","0"
"18643","0"
"18647","0"
"18656","0"
"18657","0"
"18659","0"
"18675","0"
"18681","0"
"18703","0"
"18706","0"
"18710","0"
"18711","0"
"18716","0"
"18717","0"
"18719","0"
"18721","0"
"18723","0"
"18724","0"
"18731","0"
"18742","0"
"18748","0"
"18750","0"
"18760","0"
"18764","0"
"18766","0"
"18770","0"
"18771","0"
"18773","0"
"18795","0"
"18803","0"
"18818","0"
"18819","0"
"18823","0"
"18831","0"
"18833","0"
"18838","0"
"18839","0"
"18840","0"
"18850","0"
"18855","0"
"18856","0"
"18861","0"
"18872","0"
"18877","0"
"18880","0"
"18887","0"
"18888","0"
"18891","0"
"18892","0"
"18900","0"
"18903","0"
"18907","0"
"18908","0"
"18918","0"
"18921","0"
"18924","0"
"18934","0"
"18935","0"
"18938","0"
"18939","0"
"18942","0"
"18951","0"
"18954","0"
"18960","0"
"18967","0"
"18971","0"
"18972","0"
"18976","0"
"18988","0"
"18991","0"
"18992","0"
"18993","0"
"18995","0"
"19000","0"
"19004","0"
"19007","0"
"19011","0"
"19028","0"
"19030","0"
"19036","0"
"19037","0"
"19048","0"
"19052","0"
"19055","0"
"19059","0"
"19061","0"
"19067","0"
"19072","0"
"19082","0"
"19091","0"
"19092","0"
"19096","0"
"19102","0"
"19122","0"
"19125","0"
"19127","0"
"19128","0"
"19129","0"
"19130","0"
"19139","0"
"19140","0"
"19146","0"
"19150","0"
"19152","0"
"19153","0"
"19160","0"
"19166","0"
"19171","0"
"19174","0"
"19178","0"
"19188","0"
"19190","0"
"19196","0"
"19198","0"
"19202","0"
"19206","0"
"19216","0"
"19221","0"
"19222","0"
"19223","0"
"19232","0"
"19235","0"
"19256","0"
"19257","0"
"19260","0"
"19275","0"
"19276","1"
"19280","0"
"19281","0"
"19284","0"
"19293","0"
"19295","0"
"19299","0"
"19306","0"
"19308","0"
"19316","0"
"19319","0"
"19322","0"
"19333","0"
"19344","0"
"19346","0"
"19349","0"
"19350","0"
"19355","0"
"19363","0"
"19365","0"
"19366","0"
"19367","0"
"19368","0"
"19380","0"
"19381","0"
"19390","0"
"19397","0"
"19398","0"
"19401","0"
"19405","0"
"19407","0"
"19409","0"
"19413","0"
"19418","0"
"19434","0"
"19453","0"
"19454","0"
"19463","0"
"19465","0"
"19468","0"
"19479","0"
"19482","0"
"19483","0"
"19485","0"
"19487","0"
"19493","0"
"19498","0"
"19507","0"
"19508","0"
"19520","0"
"19523","0"
"19527","0"
"19528","0"
"19548","0"
"19550","0"
"19561","0"
"19564","0"
"19570","0"
"19579","0"
"19587","0"
"19614","0"
"19619","0"
"19620","0"
"19623","0"
"19624","0"
"19625","0"
"19628","0"
"19630","0"
"19643","0"
"19645","0"
"19660","0"
"19670","0"
"19673","0"
"19674","0"
"19684","0"
"19685","0"
"19686","0"
"19693","0"
"19703","0"
"19704","0"
"19711","0"
"19713","0"
"19719","0"
"19722","0"
"19729","0"
"19735","0"
"19744","0"
"19747","0"
"19752","0"
"19754","0"
"19755","0"
"19757","0"
"19763","0"
"19765","0"
"19772","0"
"19777","0"
"19781","0"
"19787","0"
"19795","0"
"19796","0"
"19810","0"
"19818","0"
"19820","0"
"19824","0"
"19831","0"
"19842","0"
"19844","0"
"19867","0"
"19868","0"
"19870","0"
"19873","0"
"19875","0"
"19876","0"
"19878","0"
"19885","0"
"19891","0"
"19893","0"
"19894","0"
"19907","0"
"19916","0"
"19919","0"
"19925","0"
"19926","0"
"19944","0"
"19947","0"
"19955","0"
"19962","0"
"19975","0"
"19979","0"
"19988","0"
"19990","0"
"19991","0"
"19993","0"
"20002","0"
"20008","0"
"20010","0"
"20011","0"
"20012","0"
"20014","0"
"20015","0"
"20017","0"
"20018","0"
"20019","0"
"20020","0"
"20025","0"
"20030","0"
"20032","0"
"20036","0"
"20040","0"
"20044","0"
"20047","0"
"20048","0"
"20051","0"
"20054","0"
"20058","0"
"20059","0"
"20061","0"
"20064","0"
"20065","0"
"20069","0"
"20073","0"
"20082","0"
"20083","0"
"20088","0"
"20135","0"
"20148","0"
"20151","0"
"20153","0"
"20159","0"
"20165","0"
"20179","0"
"20180","0"
"20183","0"
"20184","0"
"20194","0"
"20195","0"
"20200","0"
"20203","0"
"20207","0"
"20209","0"
"20210","0"
"20213","0"
"20223","0"
"20229","0"
"20239","0"
"20243","0"
"20244","0"
"20249","0"
"20260","0"
"20264","0"
"20267","0"
"20272","0"
"20275","0"
"20281","0"
"20283","0"
"20288","0"
"20293","0"
"20305","0"
"20319","0"
"20322","0"
"20323","0"
"20327","0"
"20330","0"
"20332","0"
"20334","0"
"20337","0"
"20341","0"
"20343","0"
"20356","0"
"20359","0"
"20360","0"
"20366","0"
"20382","0"
"20392","0"
"20397","0"
"20398","0"
"20399","0"
"20408","0"
"20409","0"
"20418","0"
"20421","0"
"20433","0"
"20442","0"
"20445","0"
"20450","0"
"20452","0"
"20455","0"
"20459","0"
"20475","0"
"20479","0"
"20483","0"
"20487","0"
"20491","0"
"20496","0"
"20500","0"
"20503","0"
"20504","0"
"20514","0"
"20516","0"
"20519","0"
"20521","0"
"20531","0"
"20533","0"
"20544","0"
"20545","0"
"20548","0"
"20556","0"
"20559","0"
"20563","0"
"20567","0"
"20568","0"
"20570","0"
"20576","0"
"20578","0"
"20582","0"
"20584","0"
"20588","0"
"20597","0"
"20608","0"
"20610","0"
"20611","0"
"20621","0"
"20622","0"
"20627","0"
"20634","0"
"20637","0"
"20642","0"
"20645","0"
"20648","0"
"20655","0"
"20660","0"
"20662","0"
"20669","0"
"20683","0"
"20691","0"
"20693","0"
"20694","0"
"20706","0"
"20712","0"
"20717","0"
"20720","0"
"20722","0"
"20726","0"
"20736","0"
"20742","0"
"20745","0"
"20747","0"
"20750","0"
"20764","0"
"20766","0"
"20767","0"
"20773","0"
"20774","0"
"20776","0"
"20777","0"
"20778","0"
"20782","0"
"20783","0"
"20787","0"
"20789","0"
"20802","0"
"20803","0"
"20804","0"
"20814","0"
"20825","0"
"20828","0"
"20834","0"
"20857","0"
"20864","0"
"20875","0"
"20879","0"
"20880","0"
"20881","0"
"20882","0"
"20898","0"
"20900","0"
"20926","0"
"20932","0"
"20933","0"
"20938","0"
"20939","0"
"20940","0"
"20946","0"
"20951","0"
"20953","0"
"20957","0"
"20958","0"
"20960","0"
"20963","0"
"20967","0"
"20972","0"
"20974","0"
"20977","0"
"20981","0"
"20985","0"
"20986","0"
"21004","0"
"21009","0"
"21017","0"
"21020","0"
"21030","0"
"21031","0"
"21032","0"
"21034","0"
"21044","0"
"21047","0"
"21058","0"
"21061","0"
"21062","0"
"21067","0"
"21073","0"
"21074","0"
"21079","0"
"21086","0"
"21088","0"
"21105","0"
"21109","0"
"21116","0"
"21124","0"
"21129","0"
"21136","0"
"21137","0"
"21140","0"
"21143","0"
"21144","0"
"21150","0"
"21151","0"
"21163","0"
"21164","0"
"21170","0"
"21177","0"
"21179","0"
"21201","0"
"21206","0"
"21212","0"
"21214","0"
"21238","0"
"21239","0"
"21242","0"
"21244","0"
"21247","0"
"21253","0"
"21258","0"
"21260","0"
"21273","0"
"21274","0"
"21278","0"
"21279","0"
"21281","0"
"21285","0"
"21287","0"
"21292","0"
"21312","0"
"21320","0"
"21326","0"
"21329","0"
"21336","0"
"21337","0"
"21344","0"
"21347","0"
"21348","0"
"21349","0"
"21350","0"
"21359","0"
"21366","0"
"21375","0"
"21386","0"
"21388","0"
"21389","0"
"21396","0"
"21397","0"
"21400","0"
"21403","0"
"21405","0"
"21411","0"
"21415","0"
"21419","0"
"21438","0"
"21443","0"
"21446","0"
"21450","0"
"21454","0"
"21455","0"
"21457","0"
"21469","0"
"21472","0"
"21478","0"
"21485","0"
"21486","0"
"21489","0"
"21494","0"
"21497","0"
"21499","0"
"21514","0"
"21515","0"
"21516","0"
"21520","0"
"21521","0"
"21551","0"
"21555","0"
"21562","0"
"21570","0"
"21575","0"
"21593","0"
"21594","0"
"21598","0"
"21599","0"
"21614","0"
"21616","1"
"21619","0"
"21621","1"
"21625","0"
"21633","0"
"21637","0"
"21641","0"
"21652","0"
"21655","0"
"21657","1"
"21663","0"
"21666","0"
"21671","1"
"21672","0"
"21676","0"
"21685","0"
"21687","0"
"21689","1"
"21699","0"
"21706","0"
"21713","1"
"21716","0"
"21718","0"
"21719","1"
"21721","0"
"21731","0"
"21735","1"
"21738","0"
"21754","0"
"21761","0"
"21762","0"
"21772","1"
"21780","1"
"21781","1"
"21783","1"
"21784","0"
"21786","0"
"21789","0"
"21790","0"
"21807","0"
"21818","1"
"21824","0"
"21825","0"
"21836","0"
"21841","0"
"21856","0"
"21859","1"
"21868","0"
"21890","0"
"21907","0"
"21910","0"
"21912","1"
"21915","0"
"21917","1"
"21920","0"
"21921","1"
"21922","1"
"21925","0"
"21930","0"
"21932","0"
"21933","0"
"21934","1"
"21941","1"
"21954","1"
"21955","0"
"21956","1"
"21959","0"
"21961","1"
"21962","0"
"21967","1"
"21970","1"
"21974","1"
"21985","0"
"21986","0"
"21991","0"
"21995","0"
"22000","0"
"22004","1"
"22006","1"
"22007","1"
"22008","0"
"22017","1"
"22021","1"
"22023","0"
"22031","0"
"22032","0"
"22043","1"
"22049","0"
"22056","1"
"22060","0"
"22063","0"
"22066","0"
"22067","0"
"22068","1"
"22070","0"
"22071","1"
"22076","1"
"22078","1"
"22081","0"
"22082","0"
"22083","0"
"22084","1"
"22086","0"
"22087","0"
"22095","0"
"22097","0"
"22100","0"
"22101","0"
"22102","1"
"22107","1"
"22109","1"
"22119","0"
"22122","0"
"22129","1"
"22133","0"
"22135","0"
"22136","1"
"22137","0"
"22144","1"
"22145","1"
"22146","0"
"22148","0"
"22151","0"
"22153","1"
"22163","0"
"22166","1"
"22169","1"
"22182","1"
"22183","0"
"22195","0"
"22207","0"
"22225","0"
"22235","0"
"22242","1"
"22243","0"
"22245","1"
"22246","1"
"22260","0"
"22285","0"
"22288","0"
"22292","1"
"22294","1"
"22297","1"
"22300","1"
"22313","0"
"22318","0"
"22319","0"
"22321","0"
"22322","1"
"22338","0"
"22351","0"
"22362","0"
"22366","0"
"22369","1"
"22373","0"
"22374","0"
"22378","0"
"22385","0"
"22387","1"
"22399","1"
"22402","0"
"22428","0"
"22429","0"
"22430","0"
"22446","1"
"22454","1"
"22458","0"
"22464","1"
"22466","0"
"22468","1"
"22478","1"
"22480","1"
"22492","1"
"22496","0"
"22497","0"
"22502","0"
"22503","1"
"22517","0"
"22523","0"
"22525","1"
"22532","0"
"22534","1"
"22549","0"
"22552","0"
"22555","1"
"22557","0"
"22565","0"
"22568","0"
"22569","1"
"22570","1"
"22578","1"
"22580","0"
"22585","0"
"22591","0"
"22593","0"
"22599","0"
"22602","1"
"22604","0"
"22614","1"
"22620","0"
"22622","0"
"22628","1"
"22629","0"
"22640","1"
"22645","1"
"22649","0"
"22650","0"
"22683","1"
"22696","1"
"22703","1"
"22706","1"
"22709","1"
"22714","0"
"22726","1"
"22730","1"
"22734","0"
"22753","1"
"22762","1"
"22764","0"
"22765","1"
"22766","1"
"22787","0"
"22789","1"
"22790","0"
"22794","0"
"22797","1"
"22808","0"
"22813","0"
"22814","1"
"22816","0"
"22827","1"
"22833","0"
"22837","0"
"22839","0"
"22855","0"
"22868","1"
"22878","0"
"22879","1"
"22889","0"
"22902","0"
"22905","1"
"22910","1"
"22911","1"
"22921","1"
"22922","0"
"22924","0"
"22928","0"
"22931","0"
"22937","1"
"22939","0"
"22953","0"
"22955","0"
"22980","0"
"22987","0"
"22989","1"
"22998","0"
"23003","0"
"23005","0"
"23007","1"
"23012","1"
"23019","0"
"23021","1"
"23027","0"
"23034","0"
"23040","1"
"23060","0"
"23061","0"
"23071","1"
"23074","0"
"23082","1"
"23083","0"
"23090","0"
"23103","1"
"23107","0"
"23114","1"
"23116","1"
"23117","0"
"23118","0"
"23123","0"
"23127","1"
"23134","1"
"23136","1"
"23143","0"
"23147","0"
"23148","0"
"23157","0"
"23160","1"
"23168","0"
"23179","0"
"23182","1"
"23183","1"
"23204","0"
"23207","1"
"23219","1"
"23225","0"
"23237","1"
"23245","0"
"23249","0"
"23250","0"
"23259","0"
"23266","0"
"23268","1"
"23279","0"
"23280","0"
"23281","1"
"23286","0"
"23291","0"
"23295","0"
"23297","0"
"23298","0"
"23299","1"
"23304","0"
"23310","1"
"23326","1"
"23328","0"
"23330","1"
"23339","0"
"23341","1"
"23352","0"
"23353","0"
"23375","1"
"23380","0"
"23381","1"
"23390","0"
"23394","1"
"23396","0"
"23400","1"
"23401","0"
"23404","0"
"23405","0"
"23411","0"
"23417","1"
"23418","1"
"23420","1"
"23422","0"
"23423","1"
"23430","1"
"23435","0"
"23442","0"
"23445","1"
"23452","1"
"23454","1"
"23460","0"
"23464","0"
"23488","1"
"23489","1"
"23490","0"
"23502","1"
"23507","1"
"23511","0"
"23521","0"
"23532","0"
"23536","0"
"23537","1"
"23543","0"
"23545","0"
"23548","1"
"23550","0"
"23552","1"
"23556","0"
"23570","1"
"23572","0"
"23576","1"
"23578","1"
"23579","0"
"23581","1"
"23588","0"
"23593","0"
"23596","0"
"23600","0"
"23608","1"
"23612","1"
"23626","0"
"23627","1"
"23628","0"
"23650","1"
"23655","0"
"23657","1"
"23662","0"
"23668","0"
"23670","0"
"23677","1"
"23681","1"
"23682","1"
"23690","0"
"23716","0"
"23722","0"
"23727","0"
"23728","0"
"23732","0"
"23739","1"
"23742","0"
"23750","1"
"23754","0"
"23757","0"
"23758","1"
"23768","0"
"23770","0"
"23771","0"
"23774","1"
"23778","0"
"23782","0"
"23794","0"
"23797","0"
"23806","0"
"23807","1"
"23814","1"
"23815","0"
"23818","0"
"23827","0"
"23828","1"
"23831","1"
"23846","0"
"23852","0"
"23853","0"
"23857","0"
"23859","1"
"23861","0"
"23871","1"
"23873","0"
"23874","1"
"23889","1"
"23890","1"
"23891","0"
"23892","1"
"23893","1"
"23894","0"
"23899","0"
"23900","0"
"23909","0"
"23912","0"
"23935","0"
"23949","0"
"23951","0"
"23962","0"
"23983","0"
"23984","1"
"23994","0"
"23997","1"
"24000","1"
"24001","1"
"24004","1"
